tabla_origen;codigo;nombre_descripción;tabla_referencia
tb_mdp_promocion;cod_sistema;nom_sistema;tb_mdp_sistema
tb_mdp_producto_idioma;cod_modalidad;nom_modalidad;tb_mdp_modalidad_idioma
tb_mdp_va_idioma;cod_perfil;nom_perfil;tb_mdp_perfil
tb_mdp_producto_atributo;cod_empresa;nom_empresa;tb_mdp_empresa
tb_mdp_producto_material;cod_tipo_material;nom_tipo_material;tb_mdp_tipo_material
tb_mdp_ambito_perfil_modalidad;cod_ambito;nom_ambito;tb_mdp_ambito
tb_mdp_promocion_cliente;cod_promocion;nom_promocion;tb_mdp_promocion
tb_mdp_atributo_va_documento;cod_atributo_va;nom_atributo_va;tb_mdp_atributo_va_idioma
tb_mdp_atributo_va_documento;cod_documento;desc_documento;tb_mdp_documento_idioma
tb_mdp_entrega;cod_entrega;nom_entrega;tb_mdp_entrega_idioma
tb_mdp_documento;cod_documento;desc_documento;tb_mdp_documento_idioma
tb_mdp_producto_trazabilidad_temperatura;cod_trazabilidad_temperatura;desc_trazabilidad_temperatura;tb_mdp_trazabilidad_temperatura
tb_mdp_tam_simple_sobrecoste;cod_sobrecoste;desc_sobrecoste;tb_mdp_sobrecoste
tb_mdp_tam_simple_sobrecoste;cod_tam_simple;nom_tam_simple;_tam_simple_es
tb_mdp_tam_simple;cod_tam_simple;nom_tam_simple;_tam_simple_es
tb_mdp_tipo_formato;cod_tipo_formato;nom_tipo_formato;tb_mdp_tipo_formato_idioma
tb_mdp_producto_familia;cod_familia;nom_familia;tb_mdp_familia_idioma
tb_mdp_admision;cod_admision;nom_admision;tb_mdp_admision_idioma
tb_mdp_producto_perfil;cod_perfil;nom_perfil;tb_mdp_perfil
tb_mdp_va_franqueo_perfil;cod_perfil;nom_perfil;tb_mdp_perfil
tb_mdp_atributo_va;cod_atributo_va;nom_atributo_va;tb_mdp_atributo_va_idioma
tb_mdp_va_franja_horaria;cod_franja;nom_franja;tb_mdp_franja_horaria_idioma
tb_mdp_producto_sobrecoste;cod_sobrecoste;desc_sobrecoste;tb_mdp_sobrecoste
tb_mdp_va_franja_horaria;cod_perfil;nom_perfil;tb_mdp_perfil
tb_mdp_modalidad;cod_entrega;nom_entrega;tb_mdp_entrega_idioma
tb_mdp_producto_tipo;cod_tipo;nom_tipo;tb_mdp_tipo
tb_mdp_producto_tipo_formato;cod_tipo_formato;nom_tipo_formato;tb_mdp_tipo_formato_idioma
tb_mdp_sistema_canal;cod_canal;nom_canal;tb_mdp_canal
tb_mdp_producto_zona;cod_ambito;nom_ambito;tb_mdp_ambito
tb_mdp_promocion_oficina;cod_promo_oficina;nom_promocion;tb_mdp_promocion
tb_mdp_promocion_oficina;cod_promocion;nom_promocion;tb_mdp_promocion
tb_mdp_promocion_oficina;cod_zona;nom_zona_tarif;tb_mdp_zona_tarifaria
tb_mdp_promocion_producto;cod_promocion;nom_promocion;tb_mdp_promocion
tb_mdp_franja_horaria;cod_franja;nom_franja;tb_mdp_franja_horaria_idioma
tb_mdp_promocion_codigo;cod_promocion;nom_promocion;tb_mdp_promocion
tb_mdp_producto_tam_simple;cod_tam_simple;nom_tam_simple;_tam_simple_es
tb_mdp_tramo;cod_tramo;nom_tramo;tb_mdp_tramo_idioma
tb_mdp_va_atributo_va;cod_atributo_va;nom_atributo_va;tb_mdp_atributo_va_idioma
tb_mdp_familia;cod_familia;nom_familia;tb_mdp_familia_idioma
tb_mdp_ambito_detalle;cod_ambito;nom_ambito;tb_mdp_ambito
tb_mdp_va_perfil;cod_perfil;nom_perfil;tb_mdp_perfil
tb_mdp_producto_rango_temperatura;cod_rango_temperatura;desc_rango_temperatura;tb_mdp_rango_temperatura
tb_mdp_familia;cod_familia_padre;nom_familia;tb_mdp_familia_idioma
tb_mdp_zona_tramo;cod_complemento;desc_complemento;tb_mdp_complemento
tb_mdp_zona_tramo;cod_tramo;nom_tramo;tb_mdp_tramo_idioma
tb_mdp_modalidad;cod_admision;nom_admision;tb_mdp_admision_idioma
tb_mdp_producto_perfil;cod_producto;nom_producto;tb_mdp_producto
tb_mdp_producto_perfil;cod_producto_comercial;desc_producto_perfil;_desc_producto_perfil
tb_mdp_producto_perfil_sistema;cod_modalidad;nom_modalidad;tb_mdp_modalidad_idioma
tb_mdp_producto_perfil_sistema;cod_producto_comercial;desc_producto_perfil;_desc_producto_perfil
tb_mdp_producto_perfil_sistema;cod_sistema;nom_sistema;tb_mdp_sistema
tb_mdp_producto_sobrecoste;cod_modalidad;nom_modalidad;tb_mdp_modalidad_idioma
tb_mdp_producto_sobrecoste;cod_producto_comercial;desc_producto_perfil;_desc_producto_perfil
tb_mdp_producto_tipo;cod_producto_comercial;desc_producto_perfil;_desc_producto_perfil
tb_mdp_producto_va;cod_modalidad;nom_modalidad;tb_mdp_modalidad_idioma
tb_mdp_producto_va;cod_producto_comercial;desc_producto_perfil;_desc_producto_perfil
tb_mdp_producto_va;cod_va;nom_va;tb_mdp_va_idioma
tb_mdp_producto_zona;cod_modalidad;nom_modalidad;tb_mdp_modalidad_idioma
tb_mdp_producto_zona;cod_producto_comercial;desc_producto_perfil;_desc_producto_perfil
tb_mdp_producto_zona;cod_zona_tarif;nom_zona_tarif;tb_mdp_zona_tarifaria
tb_mdp_promocion_producto;cod_producto;nom_producto;tb_mdp_producto
tb_mdp_tramo;cod_medida;nom_medida;tb_mdp_medida
tb_mdp_va_atributo_va;cod_va;nom_va;tb_mdp_va_idioma
tb_mdp_va_perfil;cod_va;nom_va;tb_mdp_va_idioma
tb_mdp_va_restriccion;cod_va;nom_va;tb_mdp_va_idioma
tb_mdp_va_restriccion;cod_va_rest;nom_va;tb_mdp_va_idioma
tb_mdp_zona_tarif_pais;cod_zona_tarif;nom_zona_tarif;tb_mdp_zona_tarifaria
tb_mdp_modalidad;cod_modalidad;nom_modalidad;tb_mdp_modalidad_idioma
tb_mdp_clonar;cod_producto_destino;nom_producto;tb_mdp_producto
tb_mdp_clonar;cod_producto_origen;nom_producto;tb_mdp_producto
tb_mdp_clonar;cod_sistema_destino;nom_sistema;tb_mdp_sistema
tb_mdp_clonar;cod_sistema_origen;nom_sistema;tb_mdp_sistema
tb_mdp_clonar;cod_zona_tarif;nom_zona_tarif;tb_mdp_zona_tarifaria
tb_mdp_impuesto_gravamen;cod_tipo_gravamen;nom_tipo_gravamen;tb_mdp_tipo_gravamen
tb_mdp_impuesto_gravamen;cod_tipo_impuesto;nom_tipo_impuesto;tb_mdp_tipo_impuesto
tb_mdp_producto_atributo_pais;cod_modalidad;nom_modalidad;tb_mdp_modalidad_idioma
tb_mdp_producto_atributo_pais;cod_producto_comercial;desc_producto_perfil;_desc_producto_perfil
tb_mdp_producto_atributo;cod_producto;nom_producto;tb_mdp_producto
tb_mdp_producto_perfil_modalidad;cod_modalidad;nom_modalidad;tb_mdp_modalidad_idioma
tb_mdp_producto_perfil_modalidad;cod_producto_comercial;desc_producto_perfil;_desc_producto_perfil
tb_mdp_producto_tipo_formato;cod_producto;nom_producto;tb_mdp_producto
tb_mdp_producto_tam_simple;cod_modalidad;nom_modalidad;tb_mdp_modalidad_idioma
tb_mdp_producto_tam_simple;cod_producto_comercial;desc_producto_perfil;_desc_producto_perfil
tb_mdp_producto_perfil_franqueo;cod_producto_comercial;desc_producto_perfil;_desc_producto_perfil
tb_mdp_producto_rango_temperatura;cod_producto_comercial;desc_producto_perfil;_desc_producto_perfil
tb_mdp_producto_sistema_prefijo;cod_modalidad;nom_modalidad;tb_mdp_modalidad_idioma
tb_mdp_producto_sistema_prefijo;cod_prod_prefijo;desc_prefijo;tb_mdp_prefijo
tb_mdp_producto_sistema_prefijo;cod_producto;nom_producto;tb_mdp_producto
tb_mdp_producto_sistema_prefijo;cod_sistema;nom_sistema;tb_mdp_sistema
tb_mdp_producto_material;cod_producto_comercial;desc_producto_perfil;_desc_producto_perfil
tb_mdp_producto_trazabilidad_temperatura;cod_producto_comercial;desc_producto_perfil;_desc_producto_perfil
tb_mdp_va_franqueo_perfil;cod_va;nom_va;tb_mdp_va_idioma
tb_mdp_va;cod_va;nom_va;tb_mdp_va_idioma
tb_mdp_va_franja_horaria;cod_va;nom_va;tb_mdp_va_idioma
tb_mdp_va_impuesto_gravamen;cod_va;nom_va;tb_mdp_va_idioma
tb_mdp_sistema_canal;cod_sistema;nom_sistema;tb_mdp_sistema
tb_mdp_promocion_codigo;cod_promocional;nom_promocion;tb_mdp_promocion
tb_mdp_zona_tarif_postal;cod_zona_tarif;nom_zona_tarif;tb_mdp_zona_tarifaria
tb_mdp_zona_tarif_provincia;cod_zona_tarif;nom_zona_tarif;tb_mdp_zona_tarifaria
tb_mdp_zona_tramo;cod_zona_tarif;nom_zona_tarif;tb_mdp_zona_tarifaria
tb_mdp_va_restriccion_idioma;cod_va;nom_va;tb_mdp_va_idioma
tb_mdp_va_restriccion_idioma;cod_va_rest;nom_va;tb_mdp_va_idioma
tb_mdp_ambito_perfil_modalidad;cod_modalidad;nom_modalidad;tb_mdp_modalidad_idioma
tb_mdp_ambito_perfil_modalidad;cod_producto_comercial;desc_producto_perfil;_desc_producto_perfil
tb_mdp_producto_familia;cod_producto_comercial;desc_producto_perfil;_desc_producto_perfil
